{
  "math": {
    "templates": [
      "what is {a} + {b}",
      "{a} plus {b}",
      "add {a} and {b}",
      "calculate {a} + {b}",
      "compute {a} + {b}",
      "solve {a} + {b}",
      "what is {a} minus {b}",
      "{a} minus {b}",
      "subtract {b} from {a}",
      "what is {a} * {b}",
      "{a} times {b}",
      "multiply {a} by {b}",
      "calculate {a} * {b}",
      "what is {a} / {b}",
      "divide {a} by {b}",
      "{a} divided by {b}",
      "what is {a} - {b}",
      "{a} - {b} equals",
      "{a} + {b} equals"
    ],
    "variables": {
      "a": [1, 100],
      "b": [1, 100]
    }
  },
  "research": {
    "templates": [
      "what is {topic}",
      "explain {topic}",
      "tell me about {topic}",
      "how does {topic} work",
      "describe {topic}",
      "information about {topic}",
      "learn about {topic}",
      "what is a {topic}",
      "what is an {topic}",
      "study {topic}",
      "where is {topic}",
      "where is {topic} located",
      "what is {topic} used for",
      "how is {topic} used",
      "when to use {topic}",
      "why use {topic}",
      "what does {topic} mean",
      "define {topic}",
      "information on {topic}",
      "details about {topic}",
      "facts about {topic}",
      "tell me more about {topic}",
      "can you explain {topic}",
      "i want to know about {topic}",
      "i need information about {topic}"
    ],
    "variables": {
      "topic": [
        "python", "java", "c++", "javascript", "opengl", "vulkan",
        "game engine", "godot", "unity", "unreal", "shader", "texture",
        "sprite", "variable", "function", "class", "object", "boolean",
        "integer", "string", "array", "list", "dictionary", "algorithm",
        "quantum", "gravity", "photosynthesis", "atom", "electricity",
        "DNA", "evolution", "molecule", "force", "energy", "matter",
        "light", "sound", "magnetism", "relativity", "thermodynamics",
        "chemistry", "biology", "physics", "compiler", "interpreter",
        "opengl", "pyopengl", "frustum culling", "occlusion culling",
        "game development", "rendering", "collision detection"
      ]
    }
  },
  "chat": {
    "templates": [
      "hello",
      "hi",
      "hi nova",
      "hello nova",
      "hey nova",
      "hey",
      "greetings",
      "good morning",
      "good afternoon",
      "good evening",
      "good night",
      "thanks",
      "thank you",
      "thank you nova",
      "thanks nova",
      "help",
      "help me",
      "please help",
      "can you help",
      "can you assist",
      "i need help",
      "i need assistance",
      "how are you",
      "how are you doing",
      "what can you do",
      "what do you do",
      "tell me about yourself",
      "who are you",
      "what are you",
      "goodbye",
      "bye",
      "see you later",
      "see you",
      "farewell",
      "ok",
      "okay",
      "ok nova",
      "sure",
      "yes",
      "no",
      "maybe",
      "i don't know",
      "i'm not sure",
      "that's interesting",
      "that's cool",
      "nice",
      "awesome",
      "great",
      "perfect",
      "excellent",
      "wow",
      "amazing",
      "i understand",
      "i see",
      "got it",
      "makes sense",
      "i'm confused",
      "i don't understand",
      "can you explain",
      "what do you mean",
      "that's not what i meant",
      "never mind",
      "forget it",
      "cancel",
      "stop",
      "wait",
      "hold on",
      "one moment",
      "just a second"
    ]
  },
  "code": {
    "templates": [
      "how does {thing} work",
      "explain the {thing}",
      "where is {thing} defined",
      "find the {thing}",
      "what does {thing} do",
      "explain {thing}",
      "how does the {thing} work",
      "what is the {thing}",
      "locate the {thing}",
      "search for {thing}",
      "where can i find {thing}",
      "where is the {thing} located"
    ],
    "variables": {
      "thing": [
        "player class", "renderer", "camera", "collision code",
        "update function", "move function", "render function",
        "import statement", "sprite definition", "shader definition",
        "texture", "class definition", "function definition", "method",
        "variable", "code", "script", "implementation"
      ]
    }
  },
  "dictionary": {
    "templates": [
      "define {word}",
      "what does {word} mean",
      "definition of {word}",
      "meaning of {word}",
      "what is the meaning of {word}",
      "what is the definition of {word}",
      "what is {word}",
      "tell me what {word} means"
    ],
    "variables": {
      "word": [
        "algorithm", "variable", "function", "class", "object", "method",
        "array", "loop", "recursion", "iteration", "syntax", "semantics",
        "compiler", "interpreter", "debugging", "testing", "optimization",
        "sprite", "shader", "texture", "render", "collision", "animation",
        "physics", "engine", "happiness", "sadness", "definition", "meaning"
      ]
    }
  },
  "thesaurus": {
    "templates": [
      "synonym for {word}",
      "synonym of {word}",
      "another word for {word}",
      "similar to {word}",
      "alternative to {word}",
      "better word for {word}",
      "words like {word}"
    ],
    "variables": {
      "word": [
        "happy", "sad", "fast", "slow", "big", "small", "good", "bad",
        "create", "make", "build", "quick", "smart", "intelligent",
        "move", "change", "render", "draw", "show", "display", "fix",
        "repair", "update", "modify", "edit"
      ]
    }
  },
  "project": {
    "templates": [
      "modify the {thing}",
      "change the {thing}",
      "update the {thing}",
      "edit the {thing}",
      "refactor the {thing}",
      "fix the {thing}",
      "repair the {thing}",
      "correct the {thing}",
      "update my {thing}",
      "modify my {thing}",
      "change my {thing}",
      "edit my {thing}"
    ],
    "variables": {
      "thing": [
        "code", "player script", "movement code", "renderer", "shader",
        "collision detection", "bug", "error", "implementation", "feature",
        "function", "class", "script", "file"
      ]
    }
  },
  "resource": {
    "templates": [
      "create a {thing}",
      "add a new {thing}",
      "make a {thing}",
      "create {thing} named {name}",
      "add new {thing}",
      "make a new {thing}",
      "create new {thing}"
    ],
    "variables": {
      "thing": [
        "sprite", "object", "room", "shader", "background", "texture",
        "particle system", "sound", "folder", "resource"
      ],
      "name": [
        "player", "enemy", "background", "main", "test", "sprite1",
        "object1", "room1", "shader1"
      ]
    }
  },
  "graph": {
    "templates": [
      "show dependencies",
      "visualize relationships",
      "graph the connections",
      "show dependency graph",
      "visualize project structure",
      "graph the links",
      "show relationships",
      "visualize dependencies",
      "show the graph",
      "display connections",
      "show dependency tree",
      "visualize code structure"
    ]
  }
}

