[
  {
    "text": "can you figure this out for me",
    "intent": "chat"
  },
  {
    "text": "i broke something",
    "intent": "project"
  },
  {
    "text": "this feels wrong",
    "intent": "code"
  },
  {
    "text": "what is pi",
    "intent": "math"
  },
  {
    "text": "what is e",
    "intent": "math"
  },
  {
    "text": "what is infinity",
    "intent": "math"
  },
  {
    "text": "i don't understand",
    "intent": "chat"
  },
  {
    "text": "that's not what i meant",
    "intent": "chat"
  },
  {
    "text": "can you help me with this",
    "intent": "chat"
  },
  {
    "text": "something is not working",
    "intent": "project"
  },
  {
    "text": "there's a bug here",
    "intent": "project"
  },
  {
    "text": "this code is confusing",
    "intent": "code"
  },
  {
    "text": "i need to understand this better",
    "intent": "code"
  },
  {
    "text": "what does this mean",
    "intent": "code"
  },
  {
    "text": "nova",
    "intent": "chat"
  },
  {
    "text": "hey nova",
    "intent": "chat"
  },
  {
    "text": "nova help",
    "intent": "chat"
  },
  {
    "text": "what can nova do",
    "intent": "chat"
  },
  {
    "text": "show me what you can do",
    "intent": "chat"
  },
  {
    "text": "i need help",
    "intent": "chat"
  },
  {
    "text": "i'm stuck",
    "intent": "chat"
  },
  {
    "text": "this doesn't make sense",
    "intent": "code"
  },
  {
    "text": "explain this to me",
    "intent": "code"
  },
  {
    "text": "i'm confused about this",
    "intent": "code"
  },
  {
    "text": "make it work",
    "intent": "project"
  },
  {
    "text": "fix this",
    "intent": "project"
  },
  {
    "text": "repair this",
    "intent": "project"
  },
  {
    "text": "undo that",
    "intent": "project"
  },
  {
    "text": "revert that change",
    "intent": "project"
  },
  {
    "text": "go back",
    "intent": "chat"
  }
]

