{
  "description": "Local knowledge base for Nova - conversational facts and information",
  "version": "1.0",
  "topics": {
    "programming": {
      "python": {
        "definition": "Python is a high-level, interpreted programming language known for its simplicity and readability.",
        "facts": [
          "Created by Guido van Rossum and first released in 1991",
          "Uses indentation for code blocks instead of braces",
          "Supports multiple programming paradigms: procedural, object-oriented, and functional",
          "Has a large standard library and extensive third-party packages",
          "Commonly used for web development, data science, AI, and automation"
        ],
        "examples": [
          "print('Hello, World!')",
          "def greet(name): return f'Hello, {name}!'"
        ]
      },
      "javascript": {
        "definition": "JavaScript is a high-level programming language primarily used for web development.",
        "facts": [
          "Created by Brendan Eich in 1995",
          "Runs in web browsers and on servers (Node.js)",
          "Essential for interactive web pages",
          "Supports both object-oriented and functional programming"
        ]
      },
      "code": {
        "definition": "Code refers to instructions written in a programming language that a computer can execute.",
        "facts": [
          "Code must be written in a language the computer understands",
          "Source code is human-readable, compiled code is machine-readable",
          "Good code is readable, maintainable, and efficient"
        ]
      }
    },
    "general": {
      "ai": {
        "definition": "Artificial Intelligence (AI) is the simulation of human intelligence by machines.",
        "facts": [
          "AI can learn, reason, and make decisions",
          "Machine learning is a subset of AI",
          "AI is used in many applications from search engines to autonomous vehicles"
        ]
      },
      "computer": {
        "definition": "A computer is an electronic device that processes data according to instructions.",
        "facts": [
          "Computers follow instructions called programs",
          "They can perform calculations, store data, and communicate",
          "Modern computers use binary (0s and 1s) to represent data"
        ]
      }
    }
  },
  "conversational_patterns": {
    "greetings": {
      "responses": [
        "Hello! I'm Nova, your AI coding assistant.",
        "Hi there! How can I help you today?",
        "Hey! Ready to code or learn something new?"
      ]
    },
    "help": {
      "responses": [
        "I can help with code, math, research, and more! What do you need?",
        "I'm here to assist with programming questions, calculations, and information lookup.",
        "Try asking me about code, math problems, word definitions, or research topics!"
      ]
    }
  }
}

