{
  "description": "List of safe, trusted sites that Nova can use for research and information gathering",
  "sites": [
    {
      "name": "Wikipedia",
      "url": "https://en.wikipedia.org/wiki/{query}",
      "type": "encyclopedia",
      "enabled": true,
      "description": "General knowledge and encyclopedia articles"
    },
    {
      "name": "Python Documentation",
      "url": "https://docs.python.org/3/search.html?q={query}",
      "type": "documentation",
      "enabled": true,
      "description": "Official Python documentation"
    },
    {
      "name": "MDN Web Docs",
      "url": "https://developer.mozilla.org/en-US/search?q={query}",
      "type": "documentation",
      "enabled": true,
      "description": "Web development documentation"
    },
    {
      "name": "Stack Overflow",
      "url": "https://stackoverflow.com/search?q={query}",
      "type": "qna",
      "enabled": true,
      "description": "Programming Q&A (read-only, no posting)"
    },
    {
      "name": "GitHub",
      "url": "https://github.com/search?q={query}&type=repositories",
      "type": "code",
      "enabled": true,
      "description": "Code repositories (read-only)"
    },
    {
      "name": "Real Python",
      "url": "https://realpython.com/search?q={query}",
      "type": "tutorial",
      "enabled": true,
      "description": "Python tutorials and articles"
    },
    {
      "name": "GeeksforGeeks",
      "url": "https://www.geeksforgeeks.org/search/?q={query}",
      "type": "tutorial",
      "enabled": true,
      "description": "Programming tutorials and articles"
    },
    {
      "name": "W3Schools",
      "url": "https://www.w3schools.com/search/?q={query}",
      "type": "tutorial",
      "enabled": true,
      "description": "Web development tutorials"
    },
    {
      "name": "DevDocs",
      "url": "https://devdocs.io/#q={query}",
      "type": "documentation",
      "enabled": true,
      "description": "API documentation aggregator"
    },
    {
      "name": "ArchWiki",
      "url": "https://wiki.archlinux.org/index.php?search={query}",
      "type": "wiki",
      "enabled": true,
      "description": "Linux/Arch Linux documentation"
    }
  ],
  "search_strategy": {
    "primary": "encyclopedia",
    "fallback_order": ["encyclopedia", "wiki", "documentation", "tutorial", "qna", "code"],
    "max_results": 3,
    "timeout_seconds": 5
  }
}

