{
  "editor_name": "PyGenesis Image Editor",
  "capabilities": {
    "color_adjustments": {
      "brightness": {
        "effect_name": "brightness",
        "parameters": {
          "factor": {"type": "double_slider", "range": [0.1, 3.0], "default": 1.0}
        },
        "description": "Adjust image brightness. Use for: 'make brighter', 'darken', 'increase brightness'"
      },
      "contrast": {
        "effect_name": "contrast",
        "parameters": {
          "factor": {"type": "double_slider", "range": [0.1, 3.0], "default": 1.0}
        },
        "description": "Adjust image contrast. Use for: 'increase contrast', 'reduce contrast'"
      },
      "greyscale": {
        "effect_name": "greyscale",
        "parameters": {},
        "description": "Convert to greyscale. Use for: 'make greyscale', 'remove color', 'black and white'"
      },
      "invert": {
        "effect_name": "invert",
        "parameters": {},
        "description": "Invert colors. Use for: 'invert colors', 'negative', 'reverse colors'"
      },
      "fade": {
        "effect_name": "fade",
        "parameters": {
          "target_color": {"type": "color_picker", "default": "#000000"},
          "intensity": {"type": "double_slider", "range": [0.0, 1.0], "default": 0.5}
        },
        "description": "Fade to a color. Use for: 'fade to black', 'fade to white', 'fade to [color]'"
      },
      "opacity": {
        "effect_name": "opacity",
        "parameters": {
          "opacity": {"type": "double_slider", "range": [0.0, 1.0], "default": 0.5}
        },
        "description": "Adjust opacity/transparency. Use for: 'make transparent', 'reduce opacity', 'fade out'"
      }
    },
    "filters": {
      "blur": {
        "effect_name": "blur",
        "parameters": {
          "radius": {"type": "slider", "range": [1, 20], "default": 5}
        },
        "description": "Blur effect. Use for: 'add blur', 'soften', 'make blurry'"
      },
      "sharpen": {
        "effect_name": "sharpen",
        "parameters": {
          "amount": {"type": "slider", "range": [1, 100], "default": 50}
        },
        "description": "Sharpen image. Use for: 'sharpen', 'make crisp', 'enhance details'"
      },
      "noise": {
        "effect_name": "noise",
        "parameters": {
          "intensity": {"type": "slider", "range": [1, 100], "default": 50},
          "type": {"type": "dropdown", "options": ["Random", "Coherent"], "default": "Random"},
          "seed": {"type": "slider", "range": [1, 99999], "default": 42}
        },
        "description": "Add noise. Use for: 'add noise', 'add grain', 'make grainy'"
      },
      "dither": {
        "effect_name": "dither",
        "parameters": {
          "intensity": {"type": "slider", "range": [1, 100], "default": 50},
          "pattern": {"type": "dropdown", "options": ["Floyd-Steinberg", "Ordered", "Random"], "default": "Floyd-Steinberg"}
        },
        "description": "Dither effect. Use for: 'add dithering', 'reduce color banding'"
      },
      "vignette": {
        "effect_name": "vignette",
        "parameters": {
          "strength": {"type": "double_slider", "range": [0.0, 1.0], "default": 0.5},
          "radius": {"type": "double_slider", "range": [0.1, 1.5], "default": 0.8},
          "shape": {"type": "dropdown", "options": ["Circular", "Square"], "default": "Circular"}
        },
        "description": "Vignette effect (darken edges). Use for: 'add vignette', 'darken edges'"
      }
    },
    "transformations": {
      "mirror_horizontal": {
        "effect_name": "mirror_horizontal",
        "parameters": {},
        "description": "Flip horizontally. Use for: 'flip horizontal', 'mirror horizontal', 'flip left-right'"
      },
      "mirror_vertical": {
        "effect_name": "mirror_vertical",
        "parameters": {},
        "description": "Flip vertically. Use for: 'flip vertical', 'mirror vertical', 'flip up-down'"
      },
      "rotate_90": {
        "effect_name": "rotate_90",
        "parameters": {},
        "description": "Rotate 90 degrees clockwise. Use for: 'rotate 90 degrees', 'rotate right'"
      },
      "rotate_180": {
        "effect_name": "rotate_180",
        "parameters": {},
        "description": "Rotate 180 degrees. Use for: 'rotate 180', 'turn upside down'"
      },
      "rotate_custom": {
        "effect_name": "rotate_custom",
        "parameters": {
          "angle": {"type": "slider", "range": [-360, 360], "default": 0}
        },
        "description": "Rotate by custom angle. Use for: 'rotate 45 degrees', 'rotate [X] degrees'"
      }
    },
    "advanced_effects": {
      "outline": {
        "effect_name": "outline",
        "parameters": {
          "width": {"type": "slider", "range": [1, 10], "default": 2},
          "color": {"type": "color_picker", "default": "#000000"},
          "method": {"type": "dropdown", "options": ["Outer", "Inner", "Center"], "default": "Outer"}
        },
        "description": "Add outline/border. Use for: 'add outline', 'add border', 'outline [color]'"
      },
      "shadow": {
        "effect_name": "shadow",
        "parameters": {
          "offset_x": {"type": "slider", "range": [-50, 50], "default": 5},
          "offset_y": {"type": "slider", "range": [-50, 50], "default": 5},
          "blur": {"type": "slider", "range": [0, 20], "default": 5},
          "color": {"type": "color_picker", "default": "#000000"},
          "opacity": {"type": "double_slider", "range": [0.0, 1.0], "default": 0.5}
        },
        "description": "Add drop shadow. Use for: 'add shadow', 'drop shadow', 'shadow effect'"
      },
      "glow": {
        "effect_name": "glow",
        "parameters": {
          "intensity": {"type": "slider", "range": [1, 100], "default": 50},
          "radius": {"type": "slider", "range": [1, 20], "default": 10},
          "color": {"type": "color_picker", "default": "#ffffff"}
        },
        "description": "Add glow effect. Use for: 'add glow', 'make glow', 'glowing effect'"
      },
      "shader_bloom": {
        "effect_name": "shader_bloom",
        "parameters": {
          "intensity": {"type": "slider", "range": [1, 100], "default": 50},
          "threshold": {"type": "slider", "range": [0, 255], "default": 128}
        },
        "description": "Bloom effect (bright highlights). Use for: 'add bloom', 'bloom effect', 'make glow brighter'"
      }
    },
    "style_effects": {
      "pixelate": {
        "effect_name": "pixelate",
        "parameters": {
          "size": {"type": "slider", "range": [2, 32], "default": 8}
        },
        "description": "Pixelate effect. Use for: 'pixelate', 'make pixelated', 'reduce detail'"
      },
      "oil_painting": {
        "effect_name": "oil_painting",
        "parameters": {
          "brush_size": {"type": "slider", "range": [1, 20], "default": 5},
          "intensity": {"type": "slider", "range": [1, 100], "default": 50}
        },
        "description": "Oil painting effect. Use for: 'oil painting', 'painterly effect'"
      },
      "posterize": {
        "effect_name": "posterize",
        "parameters": {
          "levels": {"type": "slider", "range": [2, 256], "default": 8}
        },
        "description": "Posterize (reduce color levels). Use for: 'posterize', 'reduce colors', 'stylize'"
      }
    }
  },
  "basic_operations": {
    "frame_management": {
      "duplicate_frame": {
        "operation": "duplicate_frame",
        "parameters": {},
        "description": "Duplicate the current frame. Use for: 'duplicate frame', 'copy frame', 'duplicate current frame'"
      },
      "copy_frame": {
        "operation": "copy_frame",
        "parameters": {},
        "description": "Copy frame to clipboard. Use for: 'copy frame', 'copy current frame'"
      },
      "paste_frame": {
        "operation": "paste_frame",
        "parameters": {},
        "description": "Paste frame from clipboard. Use for: 'paste frame', 'paste copied frame'"
      }
    },
    "layer_management": {
      "add_layer": {
        "operation": "add_layer",
        "parameters": {
          "name": {"type": "string", "optional": true, "description": "Layer name (optional)"}
        },
        "description": "Create a new layer. Use for: 'create new layer', 'add layer', 'new layer', 'make new layer'"
      },
      "duplicate_layer": {
        "operation": "duplicate_layer",
        "parameters": {},
        "description": "Duplicate current layer. Use for: 'duplicate layer', 'copy layer'"
      },
      "delete_layer": {
        "operation": "delete_layer",
        "parameters": {},
        "description": "Delete current layer. Use for: 'delete layer', 'remove layer'"
      }
    },
    "color_management": {
      "set_foreground_color": {
        "operation": "set_left_color",
        "parameters": {
          "color": {"type": "hex_color", "format": "#RRGGBB", "required": true}
        },
        "description": "Set foreground (left) color. Use for: 'set color to [color]', 'use [color]', 'change color to [color]', 'set foreground to [color]'"
      },
      "set_background_color": {
        "operation": "set_right_color",
        "parameters": {
          "color": {"type": "hex_color", "format": "#RRGGBB", "required": true}
        },
        "description": "Set background (right) color. Use for: 'set background to [color]', 'use [color] for background'"
      },
      "swap_colors": {
        "operation": "swap_colors",
        "parameters": {},
        "description": "Swap foreground and background colors. Use for: 'swap colors'"
      }
    },
    "brush_operations": {
      "set_brush": {
        "operation": "set_tool",
        "parameters": {
          "tool": {"type": "string", "options": ["brush", "pencil", "marker", "calligraphy", "airbrush", "eraser"], "default": "brush"}
        },
        "description": "Select brush tool. Use for: 'use brush', 'switch to pencil', 'use [tool]'"
      },
      "set_brush_radius": {
        "operation": "set_radius",
        "parameters": {
          "radius": {"type": "integer", "range": [1, 100], "default": 8}
        },
        "description": "Set brush size/radius. Use for: 'brush size [X]', 'set brush to [X]', 'make brush [X] pixels', 'larger brush', 'smaller brush'"
      },
      "draw_with_brush": {
        "operation": "draw_brush_stroke",
        "parameters": {
          "points": {"type": "array", "items": {"x": "integer", "y": "integer"}, "required": true},
          "color": {"type": "hex_color", "optional": true, "description": "If not specified, uses current foreground color"},
          "radius": {"type": "integer", "optional": true, "description": "If not specified, uses current brush radius"}
        },
        "description": "Draw a brush stroke through specified points. Use for: 'draw line', 'paint [path]', 'brush stroke'"
      }
    },
    "shape_operations": {
      "draw_rectangle": {
        "operation": "draw_rect",
        "parameters": {
          "x": {"type": "integer", "required": true},
          "y": {"type": "integer", "required": true},
          "width": {"type": "integer", "required": true},
          "height": {"type": "integer", "required": true},
          "filled": {"type": "boolean", "default": true},
          "color": {"type": "hex_color", "optional": true}
        },
        "description": "Draw rectangle. Use for: 'draw rectangle', 'make rectangle', 'add rect at [x,y] with size [w,h]'"
      },
      "draw_ellipse": {
        "operation": "draw_ellipse",
        "parameters": {
          "x": {"type": "integer", "required": true},
          "y": {"type": "integer", "required": true},
          "width": {"type": "integer", "required": true},
          "height": {"type": "integer", "required": true},
          "filled": {"type": "boolean", "default": true},
          "color": {"type": "hex_color", "optional": true}
        },
        "description": "Draw ellipse/circle. Use for: 'draw circle', 'draw ellipse', 'make circle at [x,y]'"
      },
      "draw_star": {
        "operation": "draw_star",
        "parameters": {
          "x": {"type": "integer", "required": true},
          "y": {"type": "integer", "required": true},
          "size": {"type": "integer", "required": true},
          "points": {"type": "integer", "default": 5, "range": [3, 20]},
          "filled": {"type": "boolean", "default": true},
          "color": {"type": "hex_color", "optional": true}
        },
        "description": "Draw star shape. Use for: 'draw star', 'make star', 'add star'"
      },
      "draw_polygon": {
        "operation": "draw_polygon",
        "parameters": {
          "points": {"type": "array", "items": {"x": "integer", "y": "integer"}, "required": true, "min_items": 3},
          "filled": {"type": "boolean", "default": true},
          "color": {"type": "hex_color", "optional": true}
        },
        "description": "Draw polygon. Use for: 'draw polygon', 'make polygon with points [list]'"
      },
      "draw_line": {
        "operation": "draw_line",
        "parameters": {
          "x1": {"type": "integer", "required": true},
          "y1": {"type": "integer", "required": true},
          "x2": {"type": "integer", "required": true},
          "y2": {"type": "integer", "required": true},
          "color": {"type": "hex_color", "optional": true},
          "width": {"type": "integer", "default": 1}
        },
        "description": "Draw line. Use for: 'draw line from [x1,y1] to [x2,y2]', 'connect points'"
      }
    },
    "selection_operations": {
      "select_region": {
        "operation": "select_rect",
        "parameters": {
          "x": {"type": "integer", "required": true},
          "y": {"type": "integer", "required": true},
          "width": {"type": "integer", "required": true},
          "height": {"type": "integer", "required": true}
        },
        "description": "Select rectangular region. Use for: 'select area', 'select region', 'select rectangle from [x,y] to [x+w,y+h]'"
      },
      "select_all": {
        "operation": "select_all",
        "parameters": {},
        "description": "Select entire canvas. Use for: 'select all', 'select everything'"
      },
      "clear_selection": {
        "operation": "clear_selection",
        "parameters": {},
        "description": "Clear current selection. Use for: 'clear selection', 'deselect', 'remove selection'"
      },
      "fill_selection": {
        "operation": "fill_selection",
        "parameters": {
          "color": {"type": "hex_color", "optional": true, "description": "If not specified, uses current foreground color"}
        },
        "description": "Fill selected area with color. Use for: 'fill selection', 'fill with [color]', 'color selection'"
      },
      "cut_selection": {
        "operation": "cut_selection",
        "parameters": {},
        "description": "Cut selected area. Use for: 'cut selection', 'cut area'"
      },
      "copy_selection": {
        "operation": "copy_selection",
        "parameters": {},
        "description": "Copy selected area. Use for: 'copy selection', 'copy area'"
      },
      "paste_selection": {
        "operation": "paste_selection",
        "parameters": {
          "x": {"type": "integer", "optional": true, "description": "Position to paste (defaults to center or last position)"},
          "y": {"type": "integer", "optional": true}
        },
        "description": "Paste copied selection. Use for: 'paste', 'paste at [x,y]'"
      }
    },
    "fill_operations": {
      "fill_all": {
        "operation": "fill_all",
        "parameters": {
          "color": {"type": "hex_color", "optional": true, "description": "If not specified, uses current foreground color"}
        },
        "description": "Fill entire canvas with color. Use for: 'fill canvas', 'fill with [color]', 'fill all'"
      },
      "fill_region": {
        "operation": "fill_rect",
        "parameters": {
          "x": {"type": "integer", "required": true},
          "y": {"type": "integer", "required": true},
          "width": {"type": "integer", "required": true},
          "height": {"type": "integer", "required": true},
          "color": {"type": "hex_color", "optional": true}
        },
        "description": "Fill rectangular region with color. Use for: 'fill rect', 'fill area at [x,y] with size [w,h]'"
      }
    }
  },
  "instructions": {
    "how_to_use": "When user requests something, check if editor effects OR basic operations can accomplish it. If yes, respond with JSON: {\"type\": \"instructions\", \"actions\": [{\"operation\": \"operation_name\" OR \"effect\": \"effect_name\", \"parameters\": {...}}]}. Operations include frame_management, layer_management, color_management, brush_operations, shape_operations, selection_operations, and fill_operations. If no editor capability can do it, respond with {\"type\": \"generate\", \"frames\": [...]} and generate the image(s) directly.",
    "decision_flow": "1. Parse user request. 2. Check if any editor effect OR basic operation matches the request. 3a. If yes: Generate instructions JSON with sequence of operations/effects. 3b. If no: Generate image directly and return as base64 or array.",
    "instruction_format": {
      "type": "instructions",
      "actions": [
        {"operation": "operation_name", "parameters": {}},
        {"effect": "effect_name", "parameters": {}}
      ],
      "note": "Each action can have either 'operation' OR 'effect' key (not both). Parameters object contains operation-specific or effect-specific parameters."
    },
    "operation_types": {
      "effects": "Use for image processing/transformations (brightness, blur, rotate, etc.)",
      "basic_operations": "Use for drawing, selection, layers, frames, colors (draw shapes, select areas, create layers, etc.)"
    },
    "color_format": "Colors must be in hex format: #RRGGBB (e.g., #FF0000 for red, #0000FF for blue, #FFFFFF for white)",
    "coordinate_system": "Coordinates are pixel-based, origin (0,0) at top-left. x increases right, y increases down.",
    "note": "This knowledge is stored locally and referenced by ID only. Do NOT include full effect/operation definitions in AI prompts - only reference effect/operation names and brief descriptions. When generating instructions, combine multiple operations/effects in sequence if needed to accomplish the user's request."
  }
}

