{
  "slate": {
    "bg": "#0f172a",
    "panel": "#111827",
    "panelBorder": "#1e293b",
    "surface": "#1e293b",
    "inputBg": "#1e293b",
    "inputAreaBg": "#1a2332",
    "accent": "#3b82f6",
    "accentAlt": "#2563eb",
    "accentSoft": "#60a5fa",
    "text": "#e2e8f0",
    "muted": "#94a3b8",
    "bubbleUser": "#2563eb",
    "bubbleUserText": "#ffffff",
    "bubbleNova": "#1e293b",
    "bubbleNovaText": "#e2e8f0",
    "bubbleNovaAccentLocal": "#f59e0b",
    "bubbleNovaAccentCloud": "#3b82f6",
    "bubbleNovaBorder": "#334155",
    "bubbleHeaderBorder": "#475569",
    "metaUser": "#60a5fa",
    "metaNova": "#64748b",
    "shadow": "#0b1220"
  },
  "cyberpunk": {
    "bg": "#0b0f1a",
    "panel": "#0e1424",
    "panelBorder": "#1a2237",
    "surface": "#1a2237",
    "inputBg": "#1a2237",
    "inputAreaBg": "#151a2a",
    "accent": "#d946ef",
    "accentAlt": "#a855f7",
    "accentSoft": "#c084fc",
    "text": "#e5e7eb",
    "muted": "#c084fc",
    "bubbleUser": "#a855f7",
    "bubbleUserText": "#ffffff",
    "bubbleNova": "#1a2237",
    "bubbleNovaText": "#e5e7eb",
    "bubbleNovaAccentLocal": "#f59e0b",
    "bubbleNovaAccentCloud": "#d946ef",
    "bubbleNovaBorder": "#2d3748",
    "bubbleHeaderBorder": "#3d4758",
    "metaUser": "#c084fc",
    "metaNova": "#9ca3af",
    "shadow": "#060912"
  },
  "dark": {
    "bg": "#000000",
    "panel": "#1a1a1a",
    "panelBorder": "#2d2d2d",
    "surface": "#1a1a1a",
    "inputBg": "#2d2d2d",
    "inputAreaBg": "#252525",
    "accent": "#00d4ff",
    "accentAlt": "#00a8cc",
    "accentSoft": "#4da6ff",
    "text": "#e0e0e0",
    "muted": "#888888",
    "bubbleUser": "#0066cc",
    "bubbleUserText": "#ffffff",
    "bubbleNova": "#1a1a1a",
    "bubbleNovaText": "#e0e0e0",
    "bubbleNovaAccentLocal": "#ff8800",
    "bubbleNovaAccentCloud": "#00d4ff",
    "bubbleNovaBorder": "#333333",
    "bubbleHeaderBorder": "#404040",
    "metaUser": "#4da6ff",
    "metaNova": "#999999",
    "shadow": "#000000"
  },
  "light": {
    "bg": "#f5f5f5",
    "panel": "#ffffff",
    "panelBorder": "#e0e0e0",
    "surface": "#f0f0f0",
    "inputBg": "#ffffff",
    "inputAreaBg": "#fafafa",
    "accent": "#0066cc",
    "accentAlt": "#0052a3",
    "accentSoft": "#0066cc",
    "text": "#1a1a1a",
    "muted": "#666666",
    "bubbleUser": "#0066cc",
    "bubbleUserText": "#ffffff",
    "bubbleNova": "#f0f0f0",
    "bubbleNovaText": "#1a1a1a",
    "bubbleNovaAccentLocal": "#ff8800",
    "bubbleNovaAccentCloud": "#0066cc",
    "bubbleNovaBorder": "#d0d0d0",
    "bubbleHeaderBorder": "#c0c0c0",
    "metaUser": "#0066cc",
    "metaNova": "#666666",
    "shadow": "#e0e0e0"
  },
  "ocean": {
    "bg": "#0a1929",
    "panel": "#132f4c",
    "panelBorder": "#1e4976",
    "surface": "#1e4976",
    "inputBg": "#1e4976",
    "inputAreaBg": "#1a3d5c",
    "accent": "#00b4d8",
    "accentAlt": "#0077b6",
    "accentSoft": "#48cae4",
    "text": "#caf0f8",
    "muted": "#90e0ef",
    "bubbleUser": "#0077b6",
    "bubbleUserText": "#ffffff",
    "bubbleNova": "#1e4976",
    "bubbleNovaText": "#caf0f8",
    "bubbleNovaAccentLocal": "#ffb703",
    "bubbleNovaAccentCloud": "#00b4d8",
    "bubbleNovaBorder": "#2a5f8f",
    "bubbleHeaderBorder": "#3a6fa8",
    "metaUser": "#48cae4",
    "metaNova": "#90e0ef",
    "shadow": "#05141f"
  },
  "forest": {
    "bg": "#0d1b0d",
    "panel": "#1a2e1a",
    "panelBorder": "#2d4a2d",
    "surface": "#2d4a2d",
    "inputBg": "#2d4a2d",
    "inputAreaBg": "#253d25",
    "accent": "#52b788",
    "accentAlt": "#40916c",
    "accentSoft": "#74c69d",
    "text": "#d8f3dc",
    "muted": "#95d5b2",
    "bubbleUser": "#40916c",
    "bubbleUserText": "#ffffff",
    "bubbleNova": "#2d4a2d",
    "bubbleNovaText": "#d8f3dc",
    "bubbleNovaAccentLocal": "#ffb703",
    "bubbleNovaAccentCloud": "#52b788",
    "bubbleNovaBorder": "#3d5a3d",
    "bubbleHeaderBorder": "#4d6a4d",
    "metaUser": "#74c69d",
    "metaNova": "#95d5b2",
    "shadow": "#081408"
  },
  "sunset": {
    "bg": "#1a0f0f",
    "panel": "#2d1a1a",
    "panelBorder": "#4a2d2d",
    "surface": "#4a2d2d",
    "inputBg": "#4a2d2d",
    "inputAreaBg": "#3d2525",
    "accent": "#ff6b6b",
    "accentAlt": "#ee5a52",
    "accentSoft": "#ff8e8e",
    "text": "#ffe5e5",
    "muted": "#ffb3b3",
    "bubbleUser": "#ee5a52",
    "bubbleUserText": "#ffffff",
    "bubbleNova": "#4a2d2d",
    "bubbleNovaText": "#ffe5e5",
    "bubbleNovaAccentLocal": "#ffb703",
    "bubbleNovaAccentCloud": "#ff6b6b",
    "bubbleNovaBorder": "#5a3d3d",
    "bubbleHeaderBorder": "#6a4d4d",
    "metaUser": "#ff8e8e",
    "metaNova": "#ffb3b3",
    "shadow": "#0f0808"
  },
  "monochrome": {
    "bg": "#0a0a0a",
    "panel": "#1a1a1a",
    "panelBorder": "#2a2a2a",
    "surface": "#1a1a1a",
    "inputBg": "#2a2a2a",
    "inputAreaBg": "#252525",
    "accent": "#ffffff",
    "accentAlt": "#cccccc",
    "accentSoft": "#cccccc",
    "text": "#e0e0e0",
    "muted": "#888888",
    "bubbleUser": "#666666",
    "bubbleUserText": "#ffffff",
    "bubbleNova": "#1a1a1a",
    "bubbleNovaText": "#e0e0e0",
    "bubbleNovaAccentLocal": "#ffffff",
    "bubbleNovaAccentCloud": "#888888",
    "bubbleNovaBorder": "#3a3a3a",
    "bubbleHeaderBorder": "#4a4a4a",
    "metaUser": "#cccccc",
    "metaNova": "#888888",
    "shadow": "#000000"
  },
  "high_contrast": {
    "bg": "#000000",
    "panel": "#000000",
    "panelBorder": "#ffffff",
    "surface": "#000000",
    "inputBg": "#1a1a1a",
    "inputAreaBg": "#0a0a0a",
    "accent": "#00ff00",
    "accentAlt": "#00cc00",
    "accentSoft": "#00ffff",
    "text": "#ffffff",
    "muted": "#cccccc",
    "bubbleUser": "#0000ff",
    "bubbleUserText": "#ffffff",
    "bubbleNova": "#000000",
    "bubbleNovaText": "#ffffff",
    "bubbleNovaAccentLocal": "#ffff00",
    "bubbleNovaAccentCloud": "#00ff00",
    "bubbleNovaBorder": "#ffffff",
    "bubbleHeaderBorder": "#ffffff",
    "metaUser": "#00ffff",
    "metaNova": "#ffffff",
    "shadow": "#000000"
  },
  "purple_dream": {
    "bg": "#1a0d2e",
    "panel": "#2d1a4a",
    "panelBorder": "#4a2d6a",
    "surface": "#4a2d6a",
    "inputBg": "#4a2d6a",
    "inputAreaBg": "#3d255a",
    "accent": "#a855f7",
    "accentAlt": "#9333ea",
    "accentSoft": "#c084fc",
    "text": "#e9d5ff",
    "muted": "#c084fc",
    "bubbleUser": "#9333ea",
    "bubbleUserText": "#ffffff",
    "bubbleNova": "#4a2d6a",
    "bubbleNovaText": "#e9d5ff",
    "bubbleNovaAccentLocal": "#f59e0b",
    "bubbleNovaAccentCloud": "#a855f7",
    "bubbleNovaBorder": "#5a3d7a",
    "bubbleHeaderBorder": "#6a4d8a",
    "metaUser": "#c084fc",
    "metaNova": "#c084fc",
    "shadow": "#0f0519"
  }
}

