{
  "version": "1.0.0",
  "description": "Core libraries required for PyGenesis IDE to function. These cannot be uninstalled from within the application.",
  "libraries": [
    {
      "name": "PySide6",
      "version": ">=6.5.0",
      "description": "Qt GUI framework - Required for all UI components",
      "required_by": [
        "MainWindow",
        "All Editors",
        "All Dialogs"
      ],
      "import_name": "PySide6",
      "critical": true,
      "installed_version": "6.9.1",
      "update_available": true,
      "last_checked": "2025-11-05T21:53:10.790426"
    },
    {
      "name": "PySide6-Addons",
      "version": ">=6.5.0",
      "description": "Additional Qt widgets and modules",
      "required_by": [
        "MainWindow",
        "ModelEditor"
      ],
      "import_name": "PySide6.QtWebEngineWidgets",
      "critical": true,
      "installed_version": "6.9.1",
      "update_available": true,
      "last_checked": "2025-11-05T21:53:10.956703"
    },
    {
      "name": "numpy",
      "version": ">=1.24.0",
      "description": "Numerical computing library - Used throughout for array operations",
      "required_by": [
        "MainWindow",
        "SpriteEditor",
        "SoundEditor",
        "ModelEditor",
        "TextureEditor"
      ],
      "import_name": "numpy",
      "critical": true,
      "installed_version": "2.2.6",
      "update_available": true,
      "last_checked": "2025-11-05T21:53:10.957179"
    },
    {
      "name": "PyOpenGL",
      "version": ">=3.1.7",
      "description": "OpenGL bindings for Python - Required for 3D rendering in Model Editor",
      "required_by": [
        "ModelEditor"
      ],
      "import_name": "OpenGL",
      "critical": true,
      "installed_version": "3.1.10",
      "update_available": false,
      "last_checked": "2025-11-05T21:53:11.091479"
    },
    {
      "name": "PyOpenGL_accelerate",
      "version": ">=3.1.7",
      "description": "Accelerated OpenGL operations",
      "required_by": [
        "ModelEditor"
      ],
      "import_name": "OpenGL",
      "critical": true,
      "installed_version": "3.1.10",
      "update_available": false,
      "last_checked": "2025-11-05T21:53:11.274777"
    },
    {
      "name": "Pillow",
      "version": ">=10.0.0",
      "description": "Image processing library - Required for sprite/texture/image editing",
      "required_by": [
        "SpriteEditor",
        "TextureEditor",
        "ModelEditor",
        "ImageEditor"
      ],
      "import_name": "PIL",
      "critical": true,
      "installed_version": "12.0.0",
      "update_available": false,
      "last_checked": "2025-11-05T21:53:11.469618"
    },
    {
      "name": "setuptools",
      "version": ">=65.0.0",
      "description": "Package management and build tools",
      "required_by": [
        "Package Management"
      ],
      "import_name": "setuptools",
      "critical": true,
      "installed_version": "80.9.0",
      "update_available": false,
      "last_checked": "2025-11-05T21:53:11.589825"
    }
  ]
}