{
  "packages": {
    "annotated-types": "0.7.0",
    "attrs": "25.4.0",
    "audioop-lts": "0.2.2",
    "audioread": "3.1.0",
    "cachetools": "6.2.2",
    "certifi": "2025.11.12",
    "cffi": "2.0.0",
    "chardet": "5.2.0",
    "charset-normalizer": "3.4.4",
    "colorama": "0.4.6",
    "contourpy": "1.3.3",
    "cycler": "0.12.1",
    "decorator": "5.2.1",
    "fonttools": "4.61.0",
    "glcontext": "3.0.0",
    "google-ai-generativelanguage": "0.6.15",
    "google-api-core": "2.28.1",
    "google-api-python-client": "2.187.0",
    "google-auth": "2.43.0",
    "google-auth-httplib2": "0.2.1",
    "google-generativeai": "0.8.5",
    "googleapis-common-protos": "1.72.0",
    "grpcio": "1.76.0",
    "grpcio-status": "1.71.2",
    "httplib2": "0.31.0",
    "idna": "3.11",
    "imageio": "2.37.2",
    "ImageIO": "2.37.2",
    "iniconfig": "2.3.0",
    "joblib": "1.5.2",
    "json5": "0.12.1",
    "jsonpickle": "4.1.1",
    "jsonschema": "4.25.1",
    "jsonschema-specifications": "2025.9.1",
    "kiwisolver": "1.4.9",
    "lazy_loader": "0.4",
    "librosa": "0.11.0",
    "llvmlite": "0.45.1",
    "matplotlib": "3.10.7",
    "mido": "1.3.3",
    "moderngl": "5.12.0",
    "more-itertools": "10.8.0",
    "mpmath": "1.3.0",
    "msgpack": "1.1.2",
    "mss": "10.1.0",
    "music21": "9.9.1",
    "networkx": "3.6",
    "numba": "0.62.1",
    "numpy": "2.2.6",
    "opencv-python": "4.12.0.88",
    "opencv-python-headless": "4.12.0.88",
    "packaging": "25.0",
    "pillow": "12.0.0",
    "pip": "25.3",
    "platformdirs": "4.5.0",
    "pluggy": "1.6.0",
    "pooch": "1.8.2",
    "proto-plus": "1.26.1",
    "protobuf": "5.29.5",
    "pyasn1": "0.6.1",
    "pyasn1_modules": "0.4.2",
    "pycollada": "0.9.2",
    "pycparser": "2.23",
    "pydantic": "2.12.5",
    "pydantic_core": "2.41.5",
    "pydub": "0.25.1",
    "pygame": "2.6.1",
    "pygments": "2.19.2",
    "Pygments": "2.19.2",
    "pymatting": "1.1.14",
    "PyMatting": "1.1.14",
    "pyopengl": "3.1.10",
    "PyOpenGL": "3.1.10",
    "pyopengl-accelerate": "3.1.10",
    "PyOpenGL-accelerate": "3.1.10",
    "pyparsing": "3.2.5",
    "pyside6": "6.10.0",
    "PySide6": "6.10.0",
    "pyside6_addons": "6.10.0",
    "PySide6_Addons": "6.10.0",
    "pyside6_essentials": "6.10.0",
    "PySide6_Essentials": "6.10.0",
    "pytest": "9.0.1",
    "pytest-qt": "4.5.0",
    "python-dateutil": "2.9.0.post0",
    "pywin32": "311",
    "referencing": "0.37.0",
    "rembg": "2.0.68",
    "requests": "2.32.5",
    "rpds-py": "0.30.0",
    "rsa": "4.9.1",
    "scikit-image": "0.25.2",
    "scikit-learn": "1.7.2",
    "scipy": "1.16.3",
    "setuptools": "80.9.0",
    "shiboken6": "6.10.0",
    "six": "1.17.0",
    "soundfile": "0.13.1",
    "soxr": "1.0.0",
    "standard-aifc": "3.13.0",
    "standard-chunk": "3.13.0",
    "standard-sunau": "3.13.0",
    "sympy": "1.14.0",
    "threadpoolctl": "3.6.0",
    "tifffile": "2025.10.16",
    "tqdm": "4.67.1",
    "trimesh": "4.10.0",
    "typing_extensions": "4.15.0",
    "typing-inspection": "0.4.2",
    "uritemplate": "4.2.0",
    "urllib3": "2.5.0",
    "webcolors": "25.10.0",
    "wheel": "0.45.1"
  },
  "cached_at": "2025-12-29T21:29:13.373764"
}