{
  "version": "1.0.0",
  "description": "Optional libraries that enhance PyGenesis IDE functionality. These can be installed, updated, or uninstalled from within the application.",
  "libraries": [
    {
      "name": "opencv-python",
      "version": ">=4.8.0",
      "description": "Advanced image processing and computer vision",
      "required_by": [
        "ImageEditor",
        "Advanced Features"
      ],
      "import_name": "cv2",
      "category": "Image Processing",
      "installed_version": "4.12.0",
      "update_available": true,
      "last_checked": "2025-11-05T21:53:11.590290"
    },
    {
      "name": "trimesh",
      "version": ">=3.20.0",
      "description": "3D mesh loading and processing - Required for GLB/GLTF/DAE model import",
      "required_by": [
        "ModelEditor"
      ],
      "import_name": "trimesh",
      "category": "3D Modeling",
      "installed_version": "4.9.0",
      "update_available": false,
      "last_checked": "2025-11-05T21:53:11.792266"
    },
    {
      "name": "pycollada",
      "version": ">=0.7.2",
      "description": "COLLADA DAE file format support for 3D models",
      "required_by": [
        "ModelEditor"
      ],
      "import_name": "collada",
      "category": "3D Modeling",
      "installed_version": "0.9.2",
      "update_available": false,
      "last_checked": "2025-11-05T21:53:11.927345"
    },
    {
      "name": "pydub",
      "version": ">=0.25.1",
      "description": "Audio file manipulation and processing",
      "required_by": [
        "SoundEditor"
      ],
      "import_name": "pydub",
      "category": "Audio",
      "installed_version": "Unknown",
      "update_available": false,
      "last_checked": null
    },
    {
      "name": "pygame",
      "version": ">=2.5.0",
      "description": "Audio playback and game development utilities",
      "required_by": [
        "SoundEditor"
      ],
      "import_name": "pygame",
      "category": "Audio",
      "installed_version": "2.6.1",
      "update_available": false,
      "last_checked": "2025-11-05T21:53:11.927971"
    },
    {
      "name": "librosa",
      "version": ">=0.10.0",
      "description": "Advanced audio analysis and feature extraction",
      "required_by": [
        "SoundEditor"
      ],
      "import_name": "librosa",
      "category": "Audio",
      "installed_version": "0.11.0",
      "update_available": false,
      "last_checked": "2025-11-05T21:53:11.928480"
    },
    {
      "name": "soundfile",
      "version": ">=0.12.0",
      "description": "Audio file I/O library",
      "required_by": [
        "SoundEditor"
      ],
      "import_name": "soundfile",
      "category": "Audio",
      "installed_version": "0.13.1",
      "update_available": false,
      "last_checked": "2025-11-05T21:53:12.067911"
    },
    {
      "name": "mido",
      "version": ">=1.3.0",
      "description": "MIDI file support for music editing",
      "required_by": [
        "SoundEditor"
      ],
      "import_name": "mido",
      "category": "Audio",
      "installed_version": "Unknown",
      "update_available": false,
      "last_checked": null
    },
    {
      "name": "music21",
      "version": ">=9.1.0",
      "description": "Music notation and analysis library",
      "required_by": [
        "SoundEditor"
      ],
      "import_name": "music21",
      "category": "Audio",
      "installed_version": "9.9.1",
      "update_available": false,
      "last_checked": "2025-11-05T21:53:12.386474"
    },
    {
      "name": "mss",
      "version": ">=9.0.0",
      "description": "Screen capture library for recordings feature",
      "required_by": [
        "MainWindow"
      ],
      "import_name": "mss",
      "category": "Utilities",
      "installed_version": "10.1.0",
      "update_available": false,
      "last_checked": "2025-11-05T21:53:12.556189"
    },
    {
      "name": "json5",
      "version": ">=0.9.0",
      "description": "Extended JSON format support",
      "required_by": [
        "Configuration"
      ],
      "import_name": "json5",
      "category": "Utilities",
      "installed_version": "0.12.1",
      "update_available": false,
      "last_checked": "2025-11-05T21:53:12.731367"
    },
    {
      "name": "numba",
      "version": ">=0.57.0",
      "description": "Performance optimization with JIT compilation",
      "required_by": [
        "Performance Features"
      ],
      "import_name": "numba",
      "category": "Performance",
      "installed_version": "0.62.1",
      "update_available": false,
      "last_checked": "2025-11-05T21:53:12.944511"
    },
    {
      "name": "pytest",
      "version": ">=7.0.0",
      "description": "Testing framework for development",
      "required_by": [
        "Development"
      ],
      "import_name": "pytest",
      "category": "Development",
      "installed_version": "8.4.2",
      "update_available": false,
      "last_checked": "2025-11-05T21:53:13.024855"
    },
    {
      "name": "pytest-qt",
      "version": ">=4.0.0",
      "description": "Qt testing utilities",
      "required_by": [
        "Development"
      ],
      "import_name": "pytest_qt",
      "category": "Development",
      "installed_version": null,
      "update_available": false,
      "last_checked": null
    }
  ]
}