{
  "version": "2.0.0",
  "description": "Core libraries required for PyGenesis IDE to function",
  "libraries": [
    {
      "name": "PySide6",
      "version": ">=6.5.0",
      "description": "Qt GUI framework - Required for all UI components",
      "import_name": "PySide6",
      "critical": true
    },
    {
      "name": "numpy",
      "version": ">=1.24.0",
      "description": "Numerical computing library - Used throughout for array operations",
      "import_name": "numpy",
      "critical": true
    },
    {
      "name": "PyOpenGL",
      "version": ">=3.1.0",
      "description": "OpenGL bindings for Python - Required for GPU rendering",
      "import_name": "OpenGL",
      "critical": true
    },
    {
      "name": "PyOpenGL-accelerate",
      "version": ">=3.1.0",
      "description": "Accelerated OpenGL bindings - Optional but recommended for performance",
      "import_name": "OpenGL_accelerate",
      "critical": false
    },
    {
      "name": "Pillow",
      "version": ">=10.0.0",
      "description": "Image processing library - Required for sprite/texture/image editing",
      "import_name": "PIL",
      "critical": true
    },
    {
      "name": "setuptools",
      "version": ">=65.0.0",
      "description": "Package management and build tools",
      "import_name": "setuptools",
      "critical": true
    },
    {
      "name": "requests",
      "version": ">=2.28.0",
      "description": "HTTP library for PyPI API access",
      "import_name": "requests",
      "critical": true
    },
    {
      "name": "scipy",
      "version": ">=1.10.0",
      "description": "Scientific computing library - Required for advanced brush effects (blur, sharpen)",
      "import_name": "scipy",
      "critical": false
    },
    {
      "name": "opencv-python",
      "version": ">=4.8.0",
      "description": "OpenCV computer vision library - Required for image processing and effects in Image Editor",
      "import_name": "cv2",
      "critical": true
    },
    {
      "name": "mss",
      "version": ">=9.0.0",
      "description": "Screen capture library - Required for screen recording functionality",
      "import_name": "mss",
      "critical": false
    }
  ]
}

